entailment	Patrick lives in Dhaka.	Patrick lives in Bangladesh.
entailment	Diane lives in Moscow.	Diane lives in Russia.
entailment	Edith lives in Thimphu.	Edith lives in Bhutan.
entailment	Matt lives in Vientiane.	Matt lives in Laos.
entailment	Harry lives in Pyongyang.	Harry lives in North Korea.
entailment	Sharon lives in Paris.	Sharon lives in France.
entailment	Martha lives in Muscat.	Martha lives in Oman.
entailment	Fred lives in Port-au-Prince.	Fred lives in Haiti.
entailment	Simon lives in Wellington.	Simon lives in New Zealand.
entailment	John lives in Bangkok.	John lives in Thailand.
entailment	Rachel lives in Dhaka.	Rachel lives in Bangladesh.
entailment	Amy lives in Accra.	Amy lives in Ghana.
entailment	Dick lives in Jerusalem.	Dick lives in Israel.
entailment	Elizabeth lives in Kyiv.	Elizabeth lives in Ukraine.
entailment	Henry lives in Copenhagen.	Henry lives in Denmark.
entailment	Frances lives in Ankara.	Frances lives in Turkey.
entailment	Colin lives in Athens.	Colin lives in Greece.
entailment	Lynn lives in Doha.	Lynn lives in Qatar.
entailment	Julie lives in Port-au-Prince.	Julie lives in Haiti.
entailment	Johnny lives in Mexico City.	Johnny lives in Mexico.
entailment	Scott lives in Washington, D.C..	Scott lives in United States of America.
entailment	Billy lives in Kabul.	Billy lives in Afghanistan.
entailment	Carol lives in Pyongyang.	Carol lives in North Korea.
entailment	Sarah lives in Minsk.	Sarah lives in Belarus.
entailment	Diana lives in Quito.	Diana lives in Ecuador.
entailment	Nancy lives in Kathmandu.	Nancy lives in Nepal.
entailment	Dick lives in Helsinki.	Dick lives in Finland.
entailment	Carolyn lives in Thimphu.	Carolyn lives in Bhutan.
entailment	Lucy lives in Singapore.	Lucy lives in Singapore.
entailment	Amy lives in Dublin.	Amy lives in Ireland.
entailment	Amanda lives in Mexico City.	Amanda lives in Mexico.
entailment	Mike lives in Buenos Aires.	Mike lives in Argentina.
entailment	Billy lives in New Delhi.	Billy lives in India.
entailment	Ashley lives in Minsk.	Ashley lives in Belarus.
entailment	Jerry lives in Budapest.	Jerry lives in Hungary.
entailment	Mike lives in Jakarta.	Mike lives in Indonesia.
entailment	Dick lives in Thimphu.	Dick lives in Bhutan.
entailment	Mary lives in Berlin.	Mary lives in Germany.
entailment	Anna lives in Lisbon.	Anna lives in Portugal.
entailment	Jay lives in Doha.	Jay lives in Qatar.
entailment	Patricia lives in Mexico City.	Patricia lives in Mexico.
entailment	Ashley lives in Pyongyang.	Ashley lives in North Korea.
entailment	Betty lives in Athens.	Betty lives in Greece.
entailment	Robert lives in Havana.	Robert lives in Cuba.
entailment	Jack lives in Canberra.	Jack lives in Australia.
entailment	Andrew lives in Doha.	Andrew lives in Qatar.
entailment	Elizabeth lives in Jerusalem.	Elizabeth lives in Israel.
entailment	Robert lives in Vientiane.	Robert lives in Laos.
entailment	Joan lives in London.	Joan lives in United Kingdom.
entailment	Annie lives in Jakarta.	Annie lives in Indonesia.
entailment	Howard lives in Ottawa.	Howard lives in Canada.
entailment	Ralph lives in Jakarta.	Ralph lives in Indonesia.
entailment	Ann lives in Baku.	Ann lives in Azerbaijan.
entailment	Virginia lives in Wellington.	Virginia lives in New Zealand.
entailment	Ben lives in Islamabad.	Ben lives in Pakistan.
entailment	Thomas lives in Thimphu.	Thomas lives in Bhutan.
entailment	Paul lives in Warsaw.	Paul lives in Poland.
entailment	Steve lives in Jakarta.	Steve lives in Indonesia.
entailment	Steve lives in Kyiv.	Steve lives in Ukraine.
entailment	Greg lives in Bogotá.	Greg lives in Colombia.
entailment	Ashley lives in Taipei.	Ashley lives in Taiwan.
entailment	Sharon lives in Harare.	Sharon lives in Zimbabwe.
entailment	Ron lives in London.	Ron lives in United Kingdom.
entailment	Kim lives in Lisbon.	Kim lives in Portugal.
entailment	Ruth lives in Brussels.	Ruth lives in Belgium.
entailment	Kim lives in Helsinki.	Kim lives in Finland.
entailment	Katie lives in Berlin.	Katie lives in Germany.
entailment	Al lives in Mexico City.	Al lives in Mexico.
entailment	Dave lives in Dublin.	Dave lives in Ireland.
entailment	Wendy lives in Kuala Lumpur.	Wendy lives in Malaysia.
entailment	Harold lives in Baku.	Harold lives in Azerbaijan.
entailment	Leslie lives in Jakarta.	Leslie lives in Indonesia.
entailment	Claire lives in Tbilisi.	Claire lives in Georgia.
entailment	Barbara lives in Kathmandu.	Barbara lives in Nepal.
entailment	Heather lives in Hanoi.	Heather lives in Vietnam.
entailment	Ben lives in Stockholm.	Ben lives in Sweden.
entailment	Ashley lives in Jerusalem.	Ashley lives in Israel.
entailment	Laura lives in Taipei.	Laura lives in Taiwan.
entailment	Ian lives in Brasilia.	Ian lives in Brazil.
entailment	Frederick lives in Mexico City.	Frederick lives in Mexico.
entailment	Ralph lives in Bogotá.	Ralph lives in Colombia.
entailment	Stephen lives in Budapest.	Stephen lives in Hungary.
entailment	Frederick lives in Kyiv.	Frederick lives in Ukraine.
entailment	James lives in Beijing.	James lives in China.
entailment	Ian lives in Vientiane.	Ian lives in Laos.
entailment	Emma lives in Amsterdam.	Emma lives in Netherlands.
entailment	Jay lives in Port-au-Prince.	Jay lives in Haiti.
entailment	Alan lives in Tripoli.	Alan lives in Libya.
entailment	Harry lives in Berlin.	Harry lives in Germany.
entailment	Christopher lives in Suva.	Christopher lives in Fiji.
entailment	Anne lives in Abu Dhabi.	Anne lives in United Arab Emirates.
entailment	Dan lives in Canberra.	Dan lives in Australia.
entailment	Johnny lives in Lisbon.	Johnny lives in Portugal.
entailment	Ann lives in Kuala Lumpur.	Ann lives in Malaysia.
entailment	Donald lives in Santiago.	Donald lives in Chile.
entailment	Ashley lives in Jerusalem.	Ashley lives in Israel.
entailment	Steve lives in Vientiane.	Steve lives in Laos.
entailment	Patrick lives in Amsterdam.	Patrick lives in Netherlands.
entailment	Caroline lives in New Delhi.	Caroline lives in India.
entailment	Ian lives in Islamabad.	Ian lives in Pakistan.
entailment	Sharon lives in Abu Dhabi.	Sharon lives in United Arab Emirates.
entailment	Arthur lives in Abu Dhabi.	Arthur lives in United Arab Emirates.
entailment	Gary lives in Kyiv.	Gary lives in Ukraine.
entailment	Stephen lives in Dublin.	Stephen lives in Ireland.
entailment	Lisa lives in London.	Lisa lives in United Kingdom.
entailment	John lives in Jerusalem.	John lives in Israel.
entailment	Donna lives in Beijing.	Donna lives in China.
entailment	Marilyn lives in Cairo.	Marilyn lives in Egypt.
entailment	Bobby lives in Kabul.	Bobby lives in Afghanistan.
entailment	Ed lives in Wellington.	Ed lives in New Zealand.
entailment	Donna lives in Rome.	Donna lives in Italy.
entailment	Jonathan lives in Abu Dhabi.	Jonathan lives in United Arab Emirates.
entailment	Sophie lives in Jakarta.	Sophie lives in Indonesia.
entailment	Samuel lives in Amsterdam.	Samuel lives in Netherlands.
entailment	Jane lives in Quito.	Jane lives in Ecuador.
entailment	Gary lives in Manila.	Gary lives in Philippines.
entailment	Kate lives in New Delhi.	Kate lives in India.
entailment	Thomas lives in Stockholm.	Thomas lives in Sweden.
entailment	Johnny lives in Athens.	Johnny lives in Greece.
entailment	Adam lives in Kathmandu.	Adam lives in Nepal.
entailment	Philip lives in Buenos Aires.	Philip lives in Argentina.
entailment	Janet lives in Buenos Aires.	Janet lives in Argentina.
entailment	Jill lives in Havana.	Jill lives in Cuba.
entailment	Adam lives in Brussels.	Adam lives in Belgium.
entailment	Andrew lives in Bogotá.	Andrew lives in Colombia.
entailment	Judy lives in Vienna.	Judy lives in Austria.
entailment	Ruth lives in Accra.	Ruth lives in Ghana.
entailment	Kathleen lives in Suva.	Kathleen lives in Fiji.
entailment	Judy lives in Bogotá.	Judy lives in Colombia.
entailment	Andrew lives in Tokyo.	Andrew lives in Japan.
entailment	Marilyn lives in New Delhi.	Marilyn lives in India.
entailment	Karen lives in Thimphu.	Karen lives in Bhutan.
entailment	Judy lives in Copenhagen.	Judy lives in Denmark.
entailment	Alfred lives in Tehran.	Alfred lives in Iran.
entailment	Ken lives in Moscow.	Ken lives in Russia.
entailment	Edith lives in Buenos Aires.	Edith lives in Argentina.
entailment	Anna lives in Accra.	Anna lives in Ghana.
entailment	Larry lives in Brasilia.	Larry lives in Brazil.
entailment	Mary lives in Tbilisi.	Mary lives in Georgia.
entailment	Pamela lives in Washington, D.C..	Pamela lives in United States of America.
entailment	Ryan lives in Berlin.	Ryan lives in Germany.
entailment	Andrea lives in Baghdad.	Andrea lives in Iraq.
entailment	Joe lives in Islamabad.	Joe lives in Pakistan.
entailment	Kevin lives in Minsk.	Kevin lives in Belarus.
entailment	Edith lives in Kyiv.	Edith lives in Ukraine.
entailment	Benjamin lives in Ankara.	Benjamin lives in Turkey.
entailment	Joan lives in Baghdad.	Joan lives in Iraq.
entailment	Joan lives in Washington, D.C..	Joan lives in United States of America.
entailment	Harry lives in New Delhi.	Harry lives in India.
entailment	Don lives in Reykjavik.	Don lives in Iceland.
entailment	Jim lives in Thimphu.	Jim lives in Bhutan.
entailment	Paul lives in Copenhagen.	Paul lives in Denmark.
entailment	Suzanne lives in London.	Suzanne lives in United Kingdom.
entailment	Brian lives in Helsinki.	Brian lives in Finland.
entailment	Carl lives in Islamabad.	Carl lives in Pakistan.
entailment	Steve lives in Doha.	Steve lives in Qatar.
entailment	Arthur lives in Amsterdam.	Arthur lives in Netherlands.
entailment	Billy lives in Accra.	Billy lives in Ghana.
entailment	Louis lives in Riyadh.	Louis lives in Saudi Arabia.
entailment	Paul lives in Havana.	Paul lives in Cuba.
entailment	Daniel lives in Tokyo.	Daniel lives in Japan.
entailment	Harriet lives in Montevideo.	Harriet lives in Uruguay.
entailment	Sharon lives in Rome.	Sharon lives in Italy.
entailment	Alexandra lives in Abu Dhabi.	Alexandra lives in United Arab Emirates.
entailment	Rose lives in Brasilia.	Rose lives in Brazil.
entailment	Kim lives in Helsinki.	Kim lives in Finland.
entailment	Edward lives in Muscat.	Edward lives in Oman.
entailment	Elizabeth lives in Hanoi.	Elizabeth lives in Vietnam.
entailment	Billy lives in Islamabad.	Billy lives in Pakistan.
entailment	Ryan lives in London.	Ryan lives in United Kingdom.
entailment	Leslie lives in Singapore.	Leslie lives in Singapore.
entailment	Edwin lives in Havana.	Edwin lives in Cuba.
entailment	Billy lives in Thimphu.	Billy lives in Bhutan.
entailment	Emily lives in Beijing.	Emily lives in China.
entailment	Frank lives in London.	Frank lives in United Kingdom.
entailment	Ruth lives in Dhaka.	Ruth lives in Bangladesh.
entailment	Florence lives in Dhaka.	Florence lives in Bangladesh.
entailment	Donna lives in Copenhagen.	Donna lives in Denmark.
entailment	Ed lives in Manila.	Ed lives in Philippines.
entailment	Ken lives in Brasilia.	Ken lives in Brazil.
entailment	Harry lives in Riyadh.	Harry lives in Saudi Arabia.
entailment	Bob lives in Bern.	Bob lives in Switzerland.
entailment	Daniel lives in Jakarta.	Daniel lives in Indonesia.
entailment	Edith lives in New Delhi.	Edith lives in India.
entailment	Eleanor lives in Manila.	Eleanor lives in Philippines.
entailment	Charles lives in Vienna.	Charles lives in Austria.
entailment	Patricia lives in Tehran.	Patricia lives in Iran.
entailment	Jimmy lives in Paris.	Jimmy lives in France.
entailment	Margaret lives in Tehran.	Margaret lives in Iran.
entailment	Benjamin lives in Vienna.	Benjamin lives in Austria.
entailment	Catherine lives in Kabul.	Catherine lives in Afghanistan.
entailment	Peter lives in Wellington.	Peter lives in New Zealand.
entailment	Sophie lives in Bogotá.	Sophie lives in Colombia.
entailment	Jack lives in Havana.	Jack lives in Cuba.
entailment	Heather lives in Havana.	Heather lives in Cuba.
entailment	Ken lives in Pyongyang.	Ken lives in North Korea.
entailment	Patricia lives in New Delhi.	Patricia lives in India.
entailment	Nicole lives in Manila.	Nicole lives in Philippines.
entailment	Emily lives in Hanoi.	Emily lives in Vietnam.
entailment	Harold lives in Copenhagen.	Harold lives in Denmark.
entailment	Ken lives in Mexico City.	Ken lives in Mexico.
entailment	Elizabeth lives in Brussels.	Elizabeth lives in Belgium.
entailment	Edwin lives in Budapest.	Edwin lives in Hungary.
entailment	Amy lives in New Delhi.	Amy lives in India.
entailment	Betty lives in Accra.	Betty lives in Ghana.
entailment	Scott lives in Wellington.	Scott lives in New Zealand.
entailment	Francis lives in Bogotá.	Francis lives in Colombia.
entailment	Lawrence lives in Copenhagen.	Lawrence lives in Denmark.
entailment	Jerry lives in Montevideo.	Jerry lives in Uruguay.
entailment	Alexandra lives in Reykjavik.	Alexandra lives in Iceland.
entailment	Jessica lives in Beijing.	Jessica lives in China.
entailment	Andrea lives in Moscow.	Andrea lives in Russia.
entailment	Stephen lives in Accra.	Stephen lives in Ghana.
entailment	Virginia lives in Athens.	Virginia lives in Greece.
entailment	Brian lives in Baghdad.	Brian lives in Iraq.
entailment	Lisa lives in Jerusalem.	Lisa lives in Israel.
entailment	Ralph lives in Mexico City.	Ralph lives in Mexico.
entailment	Charlie lives in Cairo.	Charlie lives in Egypt.
entailment	Nicole lives in Helsinki.	Nicole lives in Finland.
entailment	Sam lives in Montevideo.	Sam lives in Uruguay.
entailment	Roger lives in Budapest.	Roger lives in Hungary.
entailment	Maria lives in Paris.	Maria lives in France.
entailment	Linda lives in New Delhi.	Linda lives in India.
entailment	Charles lives in New Delhi.	Charles lives in India.
entailment	Bob lives in Seoul.	Bob lives in South Korea.
entailment	Nancy lives in Moscow.	Nancy lives in Russia.
entailment	Kenneth lives in Accra.	Kenneth lives in Ghana.
entailment	Carol lives in Islamabad.	Carol lives in Pakistan.
entailment	Susan lives in Bern.	Susan lives in Switzerland.
entailment	George lives in Thimphu.	George lives in Bhutan.
entailment	Peter lives in Kabul.	Peter lives in Afghanistan.
entailment	Martin lives in Cairo.	Martin lives in Egypt.
entailment	Katie lives in Singapore.	Katie lives in Singapore.
entailment	Greg lives in Mexico City.	Greg lives in Mexico.
entailment	Albert lives in Copenhagen.	Albert lives in Denmark.
entailment	Keith lives in Havana.	Keith lives in Cuba.
entailment	Kathy lives in Pyongyang.	Kathy lives in North Korea.
entailment	Fiona lives in Bogotá.	Fiona lives in Colombia.
entailment	Patricia lives in Doha.	Patricia lives in Qatar.
entailment	Henry lives in Muscat.	Henry lives in Oman.
entailment	George lives in Budapest.	George lives in Hungary.
entailment	Ian lives in Havana.	Ian lives in Cuba.
entailment	Paul lives in Suva.	Paul lives in Fiji.
entailment	Rebecca lives in Ottawa.	Rebecca lives in Canada.
entailment	Jimmy lives in Stockholm.	Jimmy lives in Sweden.
entailment	Alison lives in Bangkok.	Alison lives in Thailand.
entailment	Dan lives in Vienna.	Dan lives in Austria.
entailment	Mike lives in Ottawa.	Mike lives in Canada.
entailment	Sue lives in Paris.	Sue lives in France.
entailment	Helen lives in Tbilisi.	Helen lives in Georgia.
entailment	Donna lives in Brussels.	Donna lives in Belgium.
entailment	Simon lives in Rome.	Simon lives in Italy.
entailment	Carolyn lives in Islamabad.	Carolyn lives in Pakistan.
entailment	Kelly lives in Male.	Kelly lives in Maldives.
entailment	Katie lives in Brussels.	Katie lives in Belgium.
entailment	Helen lives in Bern.	Helen lives in Switzerland.
entailment	Francis lives in Kyiv.	Francis lives in Ukraine.
entailment	Anne lives in Berlin.	Anne lives in Germany.
entailment	Betty lives in Manila.	Betty lives in Philippines.
entailment	Gary lives in Jerusalem.	Gary lives in Israel.
entailment	Jean lives in Ankara.	Jean lives in Turkey.
entailment	Louis lives in Beijing.	Louis lives in China.
entailment	Steve lives in Muscat.	Steve lives in Oman.
entailment	Dave lives in Lisbon.	Dave lives in Portugal.
entailment	Dick lives in Bogotá.	Dick lives in Colombia.
entailment	Leslie lives in Bogotá.	Leslie lives in Colombia.
entailment	Al lives in Montevideo.	Al lives in Uruguay.
entailment	Frances lives in Beijing.	Frances lives in China.
entailment	Virginia lives in Brasilia.	Virginia lives in Brazil.
entailment	Samuel lives in Pyongyang.	Samuel lives in North Korea.
entailment	Ralph lives in Ankara.	Ralph lives in Turkey.
entailment	Karen lives in Jerusalem.	Karen lives in Israel.
entailment	Daniel lives in Reykjavik.	Daniel lives in Iceland.
entailment	Pamela lives in Hanoi.	Pamela lives in Vietnam.
entailment	Elizabeth lives in Dhaka.	Elizabeth lives in Bangladesh.
entailment	Samuel lives in Copenhagen.	Samuel lives in Denmark.
entailment	Lauren lives in Quito.	Lauren lives in Ecuador.
entailment	Fred lives in Amsterdam.	Fred lives in Netherlands.
entailment	Jimmy lives in Copenhagen.	Jimmy lives in Denmark.
entailment	Ann lives in Montevideo.	Ann lives in Uruguay.
entailment	Tim lives in Helsinki.	Tim lives in Finland.
entailment	Ellen lives in Baku.	Ellen lives in Azerbaijan.
entailment	George lives in Port-au-Prince.	George lives in Haiti.
entailment	Edward lives in Moscow.	Edward lives in Russia.
entailment	Jay lives in Jerusalem.	Jay lives in Israel.
entailment	Hugh lives in Thimphu.	Hugh lives in Bhutan.
entailment	Nick lives in Canberra.	Nick lives in Australia.
entailment	Martin lives in Helsinki.	Martin lives in Finland.
entailment	Elaine lives in Kabul.	Elaine lives in Afghanistan.
entailment	Matt lives in Stockholm.	Matt lives in Sweden.
entailment	Sue lives in Suva.	Sue lives in Fiji.
entailment	Ralph lives in Budapest.	Ralph lives in Hungary.
entailment	Frank lives in Dublin.	Frank lives in Ireland.
entailment	Sue lives in Brussels.	Sue lives in Belgium.
entailment	Ellen lives in Thimphu.	Ellen lives in Bhutan.
entailment	Sam lives in Tehran.	Sam lives in Iran.
entailment	Alfred lives in Berlin.	Alfred lives in Germany.
entailment	Kathy lives in Moscow.	Kathy lives in Russia.
entailment	Ron lives in Dhaka.	Ron lives in Bangladesh.
entailment	Caroline lives in New Delhi.	Caroline lives in India.
entailment	Diane lives in Quito.	Diane lives in Ecuador.
entailment	Keith lives in Buenos Aires.	Keith lives in Argentina.
entailment	Judith lives in Warsaw.	Judith lives in Poland.
entailment	Brian lives in Washington, D.C..	Brian lives in United States of America.
entailment	Lynn lives in Buenos Aires.	Lynn lives in Argentina.
entailment	Kenneth lives in Jerusalem.	Kenneth lives in Israel.
entailment	Matt lives in Suva.	Matt lives in Fiji.
entailment	Katie lives in Manila.	Katie lives in Philippines.
entailment	Louis lives in Kyiv.	Louis lives in Ukraine.
entailment	Barbara lives in Stockholm.	Barbara lives in Sweden.
entailment	Judy lives in Islamabad.	Judy lives in Pakistan.
entailment	Chris lives in Kyiv.	Chris lives in Ukraine.
entailment	Jean lives in Havana.	Jean lives in Cuba.
entailment	John lives in Kyiv.	John lives in Ukraine.
entailment	Caroline lives in Pyongyang.	Caroline lives in North Korea.
entailment	Keith lives in Suva.	Keith lives in Fiji.
entailment	Walter lives in Bern.	Walter lives in Switzerland.
entailment	Judith lives in Brasilia.	Judith lives in Brazil.
entailment	Robert lives in Warsaw.	Robert lives in Poland.
entailment	John lives in Harare.	John lives in Zimbabwe.
entailment	Roger lives in Reykjavik.	Roger lives in Iceland.
entailment	Elizabeth lives in Havana.	Elizabeth lives in Cuba.
entailment	Joseph lives in Ottawa.	Joseph lives in Canada.
entailment	Kelly lives in Athens.	Kelly lives in Greece.
entailment	Claire lives in Helsinki.	Claire lives in Finland.
entailment	Sandra lives in Bern.	Sandra lives in Switzerland.
entailment	Julia lives in Seoul.	Julia lives in South Korea.
entailment	Kenneth lives in Muscat.	Kenneth lives in Oman.
entailment	Patricia lives in Port-au-Prince.	Patricia lives in Haiti.
entailment	Thomas lives in Tbilisi.	Thomas lives in Georgia.
entailment	Albert lives in Singapore.	Albert lives in Singapore.
entailment	Adam lives in Berlin.	Adam lives in Germany.
entailment	Patrick lives in Kathmandu.	Patrick lives in Nepal.
entailment	Rebecca lives in Stockholm.	Rebecca lives in Sweden.
entailment	Bruce lives in Kuala Lumpur.	Bruce lives in Malaysia.
entailment	Helen lives in Wellington.	Helen lives in New Zealand.
entailment	Daniel lives in Pyongyang.	Daniel lives in North Korea.
entailment	Tim lives in Seoul.	Tim lives in South Korea.
entailment	Charles lives in Accra.	Charles lives in Ghana.
entailment	Victoria lives in Abu Dhabi.	Victoria lives in United Arab Emirates.
entailment	Sue lives in Jerusalem.	Sue lives in Israel.
entailment	Emily lives in Jakarta.	Emily lives in Indonesia.
entailment	Kenneth lives in Ankara.	Kenneth lives in Turkey.
entailment	Linda lives in Rome.	Linda lives in Italy.
entailment	Lucy lives in Tripoli.	Lucy lives in Libya.
entailment	Cynthia lives in Kabul.	Cynthia lives in Afghanistan.
entailment	Thomas lives in Harare.	Thomas lives in Zimbabwe.
entailment	Adam lives in Santiago.	Adam lives in Chile.
entailment	Jean lives in Kyiv.	Jean lives in Ukraine.
entailment	Don lives in Suva.	Don lives in Fiji.
entailment	Michelle lives in Vientiane.	Michelle lives in Laos.
entailment	Matthew lives in Port-au-Prince.	Matthew lives in Haiti.
entailment	Kenneth lives in Bogotá.	Kenneth lives in Colombia.
entailment	Matt lives in Kathmandu.	Matt lives in Nepal.
entailment	Kelly lives in Reykjavik.	Kelly lives in Iceland.
entailment	Simon lives in Quito.	Simon lives in Ecuador.
entailment	Jonathan lives in Kuala Lumpur.	Jonathan lives in Malaysia.
entailment	Amanda lives in Dublin.	Amanda lives in Ireland.
entailment	Sandra lives in Thimphu.	Sandra lives in Bhutan.
entailment	Dorothy lives in Amsterdam.	Dorothy lives in Netherlands.
entailment	Tom lives in Dhaka.	Tom lives in Bangladesh.
entailment	Amy lives in Thimphu.	Amy lives in Bhutan.
entailment	Ann lives in Athens.	Ann lives in Greece.
entailment	Diane lives in Brussels.	Diane lives in Belgium.
entailment	Alfred lives in Bangkok.	Alfred lives in Thailand.
entailment	Carolyn lives in Kyiv.	Carolyn lives in Ukraine.
entailment	Arthur lives in Quito.	Arthur lives in Ecuador.
entailment	Margaret lives in Moscow.	Margaret lives in Russia.
entailment	Harry lives in Riyadh.	Harry lives in Saudi Arabia.
entailment	Patricia lives in Baku.	Patricia lives in Azerbaijan.
entailment	Kate lives in Doha.	Kate lives in Qatar.
entailment	Mary lives in Port-au-Prince.	Mary lives in Haiti.
entailment	Stephen lives in London.	Stephen lives in United Kingdom.
entailment	Mary lives in Male.	Mary lives in Maldives.
entailment	Sara lives in Havana.	Sara lives in Cuba.
entailment	Greg lives in Male.	Greg lives in Maldives.
entailment	Alfred lives in Manila.	Alfred lives in Philippines.
entailment	Rebecca lives in Thimphu.	Rebecca lives in Bhutan.
entailment	Alison lives in Vienna.	Alison lives in Austria.
entailment	Amanda lives in Canberra.	Amanda lives in Australia.
entailment	Deborah lives in Buenos Aires.	Deborah lives in Argentina.
entailment	Florence lives in Islamabad.	Florence lives in Pakistan.
entailment	Harold lives in Jerusalem.	Harold lives in Israel.
entailment	Sarah lives in Suva.	Sarah lives in Fiji.
entailment	Kelly lives in Kyiv.	Kelly lives in Ukraine.
entailment	Matt lives in Bogotá.	Matt lives in Colombia.
entailment	Rebecca lives in Mexico City.	Rebecca lives in Mexico.
entailment	Charles lives in Mexico City.	Charles lives in Mexico.
entailment	Dorothy lives in Warsaw.	Dorothy lives in Poland.
entailment	Benjamin lives in Berlin.	Benjamin lives in Germany.
entailment	William lives in Athens.	William lives in Greece.
entailment	Michael lives in Kathmandu.	Michael lives in Nepal.
entailment	Florence lives in Paris.	Florence lives in France.
entailment	Larry lives in Harare.	Larry lives in Zimbabwe.
entailment	Dave lives in Tripoli.	Dave lives in Libya.
entailment	Dave lives in Montevideo.	Dave lives in Uruguay.
entailment	Diane lives in Jerusalem.	Diane lives in Israel.
entailment	Linda lives in Brussels.	Linda lives in Belgium.
entailment	Annie lives in Helsinki.	Annie lives in Finland.
entailment	Tony lives in Bogotá.	Tony lives in Colombia.
entailment	Arthur lives in Canberra.	Arthur lives in Australia.
entailment	Eleanor lives in Beijing.	Eleanor lives in China.
entailment	Adam lives in Kathmandu.	Adam lives in Nepal.
entailment	Cynthia lives in Vienna.	Cynthia lives in Austria.
entailment	Adam lives in Dublin.	Adam lives in Ireland.
entailment	Daniel lives in Kabul.	Daniel lives in Afghanistan.
entailment	Donald lives in Kabul.	Donald lives in Afghanistan.
entailment	George lives in Kabul.	George lives in Afghanistan.
entailment	Jerry lives in Helsinki.	Jerry lives in Finland.
entailment	Julia lives in Kuala Lumpur.	Julia lives in Malaysia.
entailment	Ron lives in Baku.	Ron lives in Azerbaijan.
entailment	Joseph lives in Amsterdam.	Joseph lives in Netherlands.
entailment	Elizabeth lives in Bangkok.	Elizabeth lives in Thailand.
entailment	Jeff lives in Santiago.	Jeff lives in Chile.
entailment	Martin lives in Islamabad.	Martin lives in Pakistan.
entailment	Janet lives in Bern.	Janet lives in Switzerland.
entailment	Steven lives in Singapore.	Steven lives in Singapore.
entailment	Jennifer lives in London.	Jennifer lives in United Kingdom.
entailment	Jill lives in Washington, D.C..	Jill lives in United States of America.
entailment	Lucy lives in Tbilisi.	Lucy lives in Georgia.
entailment	Eleanor lives in Port-au-Prince.	Eleanor lives in Haiti.
entailment	Michael lives in Kyiv.	Michael lives in Ukraine.
entailment	Ben lives in Ottawa.	Ben lives in Canada.
entailment	Charlie lives in Buenos Aires.	Charlie lives in Argentina.
entailment	Mary lives in Port-au-Prince.	Mary lives in Haiti.
entailment	Rose lives in Wellington.	Rose lives in New Zealand.
entailment	Michelle lives in Port-au-Prince.	Michelle lives in Haiti.
entailment	Grace lives in Havana.	Grace lives in Cuba.
entailment	Anne lives in Montevideo.	Anne lives in Uruguay.
entailment	Rebecca lives in Tripoli.	Rebecca lives in Libya.
entailment	Jay lives in Jakarta.	Jay lives in Indonesia.
entailment	Kathryn lives in Lisbon.	Kathryn lives in Portugal.
entailment	Ron lives in Bangkok.	Ron lives in Thailand.
entailment	Sue lives in Buenos Aires.	Sue lives in Argentina.
entailment	Charles lives in Doha.	Charles lives in Qatar.
entailment	Matt lives in Accra.	Matt lives in Ghana.
entailment	Adam lives in Abu Dhabi.	Adam lives in United Arab Emirates.
entailment	Lauren lives in Brussels.	Lauren lives in Belgium.
entailment	Emily lives in Kabul.	Emily lives in Afghanistan.
entailment	Sharon lives in Bern.	Sharon lives in Switzerland.
entailment	Colin lives in Tripoli.	Colin lives in Libya.
entailment	Tim lives in Ottawa.	Tim lives in Canada.
entailment	Sophie lives in Kabul.	Sophie lives in Afghanistan.
entailment	Judith lives in Seoul.	Judith lives in South Korea.
entailment	Wendy lives in Vienna.	Wendy lives in Austria.
entailment	Jane lives in Seoul.	Jane lives in South Korea.
entailment	Stephen lives in Santiago.	Stephen lives in Chile.
entailment	Eric lives in Montevideo.	Eric lives in Uruguay.
entailment	George lives in Tbilisi.	George lives in Georgia.
entailment	Donna lives in Montevideo.	Donna lives in Uruguay.
entailment	Harold lives in Accra.	Harold lives in Ghana.
entailment	Fred lives in Dublin.	Fred lives in Ireland.
entailment	Martin lives in Islamabad.	Martin lives in Pakistan.
entailment	Linda lives in Tehran.	Linda lives in Iran.
entailment	Judith lives in Quito.	Judith lives in Ecuador.
entailment	Frank lives in Buenos Aires.	Frank lives in Argentina.
entailment	Philip lives in Helsinki.	Philip lives in Finland.
entailment	Steve lives in Montevideo.	Steve lives in Uruguay.
entailment	Barbara lives in Helsinki.	Barbara lives in Finland.
entailment	Andrew lives in Dublin.	Andrew lives in Ireland.
entailment	Chris lives in Montevideo.	Chris lives in Uruguay.
entailment	Kathleen lives in Tripoli.	Kathleen lives in Libya.
entailment	Frances lives in Tbilisi.	Frances lives in Georgia.
entailment	Charles lives in Thimphu.	Charles lives in Bhutan.
entailment	Leslie lives in Paris.	Leslie lives in France.
entailment	Linda lives in Brasilia.	Linda lives in Brazil.
entailment	Heather lives in Mexico City.	Heather lives in Mexico.
entailment	Don lives in Harare.	Don lives in Zimbabwe.
entailment	Ray lives in Kuala Lumpur.	Ray lives in Malaysia.
entailment	Bruce lives in Thimphu.	Bruce lives in Bhutan.
entailment	David lives in Lisbon.	David lives in Portugal.
entailment	Thomas lives in Mexico City.	Thomas lives in Mexico.
entailment	Nicole lives in Baku.	Nicole lives in Azerbaijan.
entailment	Patrick lives in Baghdad.	Patrick lives in Iraq.
entailment	Amanda lives in Tehran.	Amanda lives in Iran.
entailment	Barbara lives in Warsaw.	Barbara lives in Poland.
entailment	Kathy lives in Canberra.	Kathy lives in Australia.
entailment	Florence lives in Ankara.	Florence lives in Turkey.
entailment	Edward lives in Baku.	Edward lives in Azerbaijan.
entailment	Nancy lives in Vienna.	Nancy lives in Austria.
entailment	Kim lives in Montevideo.	Kim lives in Uruguay.
entailment	Julia lives in Thimphu.	Julia lives in Bhutan.
entailment	Martin lives in Bern.	Martin lives in Switzerland.
entailment	Kate lives in Manila.	Kate lives in Philippines.
entailment	Rose lives in Bern.	Rose lives in Switzerland.
entailment	Alan lives in Bangkok.	Alan lives in Thailand.
entailment	Julia lives in Kathmandu.	Julia lives in Nepal.
entailment	George lives in Stockholm.	George lives in Sweden.
entailment	Anne lives in Jerusalem.	Anne lives in Israel.
entailment	Elaine lives in Cairo.	Elaine lives in Egypt.
entailment	Donna lives in Bern.	Donna lives in Switzerland.
entailment	Lucy lives in Tokyo.	Lucy lives in Japan.
entailment	Philip lives in Mexico City.	Philip lives in Mexico.
entailment	Sally lives in Santiago.	Sally lives in Chile.
entailment	James lives in Male.	James lives in Maldives.
entailment	Emily lives in Male.	Emily lives in Maldives.
entailment	Nicole lives in Dublin.	Nicole lives in Ireland.
entailment	Jim lives in Warsaw.	Jim lives in Poland.
entailment	Ruth lives in Beijing.	Ruth lives in China.
entailment	Edwin lives in Montevideo.	Edwin lives in Uruguay.
entailment	Nicole lives in Suva.	Nicole lives in Fiji.
entailment	Dave lives in Kyiv.	Dave lives in Ukraine.
entailment	Grace lives in Jakarta.	Grace lives in Indonesia.
entailment	Ashley lives in Berlin.	Ashley lives in Germany.
entailment	Stephen lives in Vientiane.	Stephen lives in Laos.
entailment	Alexandra lives in Washington, D.C..	Alexandra lives in United States of America.
entailment	Edith lives in Singapore.	Edith lives in Singapore.
entailment	Chris lives in Tripoli.	Chris lives in Libya.
entailment	Kim lives in Paris.	Kim lives in France.
entailment	Jean lives in Paris.	Jean lives in France.
entailment	Harry lives in Abu Dhabi.	Harry lives in United Arab Emirates.
entailment	Daniel lives in Kathmandu.	Daniel lives in Nepal.
entailment	Alice lives in Port-au-Prince.	Alice lives in Haiti.
entailment	Kenneth lives in Minsk.	Kenneth lives in Belarus.
entailment	Lisa lives in Wellington.	Lisa lives in New Zealand.
entailment	Elizabeth lives in Jakarta.	Elizabeth lives in Indonesia.
entailment	Sophie lives in Jerusalem.	Sophie lives in Israel.
entailment	Victoria lives in Baku.	Victoria lives in Azerbaijan.
entailment	Charlotte lives in Havana.	Charlotte lives in Cuba.
entailment	Harold lives in Mexico City.	Harold lives in Mexico.
entailment	Suzanne lives in Buenos Aires.	Suzanne lives in Argentina.
entailment	Colin lives in Washington, D.C..	Colin lives in United States of America.
entailment	Pamela lives in Ottawa.	Pamela lives in Canada.
entailment	Victoria lives in Thimphu.	Victoria lives in Bhutan.
entailment	Lynn lives in Moscow.	Lynn lives in Russia.
entailment	Michael lives in Ankara.	Michael lives in Turkey.
entailment	Anthony lives in Seoul.	Anthony lives in South Korea.
entailment	Carolyn lives in Muscat.	Carolyn lives in Oman.
entailment	Chris lives in Washington, D.C..	Chris lives in United States of America.
entailment	Sophie lives in Riyadh.	Sophie lives in Saudi Arabia.
entailment	Ray lives in Kathmandu.	Ray lives in Nepal.
entailment	Deborah lives in Kathmandu.	Deborah lives in Nepal.
entailment	Joseph lives in Wellington.	Joseph lives in New Zealand.
entailment	Jason lives in Buenos Aires.	Jason lives in Argentina.
entailment	Harold lives in Pyongyang.	Harold lives in North Korea.
entailment	Alfred lives in Jerusalem.	Alfred lives in Israel.
entailment	Martin lives in Islamabad.	Martin lives in Pakistan.
entailment	Sam lives in Paris.	Sam lives in France.
entailment	Alan lives in Lisbon.	Alan lives in Portugal.
entailment	Jeff lives in Quito.	Jeff lives in Ecuador.
entailment	Wendy lives in Taipei.	Wendy lives in Taiwan.
entailment	Simon lives in Accra.	Simon lives in Ghana.
entailment	Karen lives in Canberra.	Karen lives in Australia.
entailment	Michelle lives in Accra.	Michelle lives in Ghana.
entailment	Bruce lives in Pyongyang.	Bruce lives in North Korea.
entailment	Walter lives in Minsk.	Walter lives in Belarus.
entailment	Lisa lives in Warsaw.	Lisa lives in Poland.
entailment	David lives in Tehran.	David lives in Iran.
entailment	Dorothy lives in Paris.	Dorothy lives in France.
entailment	Karen lives in Kathmandu.	Karen lives in Nepal.
entailment	Jean lives in Berlin.	Jean lives in Germany.
entailment	Frederick lives in Taipei.	Frederick lives in Taiwan.
entailment	Steven lives in Tbilisi.	Steven lives in Georgia.
entailment	Eric lives in Stockholm.	Eric lives in Sweden.
entailment	Julie lives in London.	Julie lives in United Kingdom.
entailment	Larry lives in Quito.	Larry lives in Ecuador.
entailment	Don lives in Washington, D.C..	Don lives in United States of America.
entailment	Annie lives in Doha.	Annie lives in Qatar.
entailment	Alison lives in Kabul.	Alison lives in Afghanistan.
entailment	Claire lives in Seoul.	Claire lives in South Korea.
entailment	Patricia lives in Bangkok.	Patricia lives in Thailand.
entailment	Ken lives in Rome.	Ken lives in Italy.
entailment	Lauren lives in Vienna.	Lauren lives in Austria.
entailment	Kate lives in New Delhi.	Kate lives in India.
entailment	Wendy lives in Manila.	Wendy lives in Philippines.
entailment	Harriet lives in Mexico City.	Harriet lives in Mexico.
entailment	Nancy lives in Brussels.	Nancy lives in Belgium.
entailment	Donna lives in Accra.	Donna lives in Ghana.
entailment	Ron lives in Riyadh.	Ron lives in Saudi Arabia.
entailment	Ashley lives in Ankara.	Ashley lives in Turkey.
entailment	Sarah lives in Tripoli.	Sarah lives in Libya.
entailment	Albert lives in Riyadh.	Albert lives in Saudi Arabia.
entailment	Jimmy lives in Islamabad.	Jimmy lives in Pakistan.
entailment	Chris lives in Havana.	Chris lives in Cuba.
entailment	Barbara lives in Santiago.	Barbara lives in Chile.
entailment	Johnny lives in Male.	Johnny lives in Maldives.
entailment	Victoria lives in Hanoi.	Victoria lives in Vietnam.
entailment	Bob lives in Port-au-Prince.	Bob lives in Haiti.
entailment	Nicole lives in Moscow.	Nicole lives in Russia.
entailment	Keith lives in Warsaw.	Keith lives in Poland.
entailment	Thomas lives in Taipei.	Thomas lives in Taiwan.
entailment	Ralph lives in Pyongyang.	Ralph lives in North Korea.
entailment	Richard lives in Accra.	Richard lives in Ghana.
entailment	Lawrence lives in Moscow.	Lawrence lives in Russia.
entailment	Alice lives in Tehran.	Alice lives in Iran.
entailment	Mike lives in Paris.	Mike lives in France.
entailment	George lives in Quito.	George lives in Ecuador.
entailment	Thomas lives in Helsinki.	Thomas lives in Finland.
entailment	Elizabeth lives in Reykjavik.	Elizabeth lives in Iceland.
entailment	Hugh lives in Buenos Aires.	Hugh lives in Argentina.
entailment	Alan lives in Tokyo.	Alan lives in Japan.
entailment	Katie lives in Male.	Katie lives in Maldives.
entailment	Patricia lives in Helsinki.	Patricia lives in Finland.
entailment	Jennifer lives in Rome.	Jennifer lives in Italy.
entailment	Nancy lives in Buenos Aires.	Nancy lives in Argentina.
entailment	Simon lives in Bangkok.	Simon lives in Thailand.
entailment	Ben lives in Cairo.	Ben lives in Egypt.
entailment	Chris lives in Athens.	Chris lives in Greece.
entailment	Ruth lives in Montevideo.	Ruth lives in Uruguay.
entailment	Judy lives in Paris.	Judy lives in France.
entailment	Joan lives in Male.	Joan lives in Maldives.
entailment	Ron lives in Hanoi.	Ron lives in Vietnam.
entailment	Jonathan lives in Kabul.	Jonathan lives in Afghanistan.
entailment	Jonathan lives in Washington, D.C..	Jonathan lives in United States of America.
entailment	Roger lives in Bern.	Roger lives in Switzerland.
entailment	Kathleen lives in Montevideo.	Kathleen lives in Uruguay.
entailment	Paul lives in Bern.	Paul lives in Switzerland.
entailment	Joan lives in Kabul.	Joan lives in Afghanistan.
entailment	Ashley lives in Bern.	Ashley lives in Switzerland.
entailment	Hugh lives in Baghdad.	Hugh lives in Iraq.
entailment	Roy lives in Bogotá.	Roy lives in Colombia.
entailment	Andrea lives in Copenhagen.	Andrea lives in Denmark.
entailment	Lauren lives in Hanoi.	Lauren lives in Vietnam.
entailment	Larry lives in Moscow.	Larry lives in Russia.
entailment	Frederick lives in Jerusalem.	Frederick lives in Israel.
entailment	Ryan lives in Beijing.	Ryan lives in China.
entailment	Tom lives in Amsterdam.	Tom lives in Netherlands.
entailment	Helen lives in Muscat.	Helen lives in Oman.
entailment	Lisa lives in Jakarta.	Lisa lives in Indonesia.
entailment	Caroline lives in Ottawa.	Caroline lives in Canada.
entailment	Carolyn lives in Bern.	Carolyn lives in Switzerland.
entailment	Steve lives in Helsinki.	Steve lives in Finland.
entailment	Mark lives in Paris.	Mark lives in France.
entailment	Bill lives in Taipei.	Bill lives in Taiwan.
entailment	Billy lives in Lisbon.	Billy lives in Portugal.
entailment	Jeff lives in Jerusalem.	Jeff lives in Israel.
entailment	Dave lives in Riyadh.	Dave lives in Saudi Arabia.
entailment	Bobby lives in Accra.	Bobby lives in Ghana.
entailment	Eric lives in Tehran.	Eric lives in Iran.
entailment	Louis lives in Tbilisi.	Louis lives in Georgia.
entailment	Harry lives in Muscat.	Harry lives in Oman.
entailment	Betty lives in Havana.	Betty lives in Cuba.
entailment	Charlie lives in Brasilia.	Charlie lives in Brazil.
entailment	Larry lives in Copenhagen.	Larry lives in Denmark.
entailment	Suzanne lives in Wellington.	Suzanne lives in New Zealand.
entailment	Alexander lives in Mexico City.	Alexander lives in Mexico.
entailment	Harriet lives in Canberra.	Harriet lives in Australia.
entailment	Eric lives in Doha.	Eric lives in Qatar.
entailment	Charlotte lives in Singapore.	Charlotte lives in Singapore.
entailment	Kim lives in Havana.	Kim lives in Cuba.
entailment	Sara lives in Tehran.	Sara lives in Iran.
entailment	Catherine lives in Vientiane.	Catherine lives in Laos.
entailment	Jack lives in Beijing.	Jack lives in China.
entailment	Joan lives in Kuala Lumpur.	Joan lives in Malaysia.
entailment	Howard lives in Doha.	Howard lives in Qatar.
entailment	Ralph lives in Vientiane.	Ralph lives in Laos.
entailment	Kathryn lives in Baghdad.	Kathryn lives in Iraq.
entailment	Howard lives in Tokyo.	Howard lives in Japan.
entailment	Heather lives in Montevideo.	Heather lives in Uruguay.
entailment	Bruce lives in Thimphu.	Bruce lives in Bhutan.
entailment	Carolyn lives in Athens.	Carolyn lives in Greece.
entailment	Barbara lives in Santiago.	Barbara lives in Chile.
entailment	Paul lives in Bangkok.	Paul lives in Thailand.
entailment	Melissa lives in Beijing.	Melissa lives in China.
entailment	Carolyn lives in Bangkok.	Carolyn lives in Thailand.
entailment	Greg lives in Buenos Aires.	Greg lives in Argentina.
entailment	Roy lives in Doha.	Roy lives in Qatar.
entailment	Janet lives in Cairo.	Janet lives in Egypt.
entailment	Bill lives in Dublin.	Bill lives in Ireland.
entailment	Steven lives in Bogotá.	Steven lives in Colombia.
entailment	Claire lives in Copenhagen.	Claire lives in Denmark.
entailment	Sally lives in Pyongyang.	Sally lives in North Korea.
entailment	Alice lives in Kuala Lumpur.	Alice lives in Malaysia.
entailment	Angela lives in Lisbon.	Angela lives in Portugal.
entailment	Alexandra lives in Buenos Aires.	Alexandra lives in Argentina.
entailment	Ian lives in Berlin.	Ian lives in Germany.
entailment	Charlotte lives in Brussels.	Charlotte lives in Belgium.
entailment	Bob lives in Moscow.	Bob lives in Russia.
entailment	Pamela lives in Pyongyang.	Pamela lives in North Korea.
entailment	Greg lives in Doha.	Greg lives in Qatar.
entailment	Kate lives in Jerusalem.	Kate lives in Israel.
entailment	Donald lives in Cairo.	Donald lives in Egypt.
entailment	Matt lives in Paris.	Matt lives in France.
entailment	Jason lives in Tbilisi.	Jason lives in Georgia.
entailment	Ellen lives in Bogotá.	Ellen lives in Colombia.
entailment	Ian lives in Minsk.	Ian lives in Belarus.
entailment	Ben lives in Harare.	Ben lives in Zimbabwe.
entailment	Victoria lives in Muscat.	Victoria lives in Oman.
entailment	Donna lives in Taipei.	Donna lives in Taiwan.
entailment	Jennifer lives in Reykjavik.	Jennifer lives in Iceland.
entailment	Lucy lives in Kuala Lumpur.	Lucy lives in Malaysia.
entailment	Chris lives in Brasilia.	Chris lives in Brazil.
entailment	Jonathan lives in Kathmandu.	Jonathan lives in Nepal.
entailment	Linda lives in Wellington.	Linda lives in New Zealand.
entailment	Diana lives in Montevideo.	Diana lives in Uruguay.
entailment	Florence lives in Taipei.	Florence lives in Taiwan.
entailment	Christopher lives in Baku.	Christopher lives in Azerbaijan.
entailment	Lucy lives in Paris.	Lucy lives in France.
entailment	Richard lives in Doha.	Richard lives in Qatar.
entailment	Jonathan lives in Amsterdam.	Jonathan lives in Netherlands.
entailment	Katie lives in Amsterdam.	Katie lives in Netherlands.
entailment	George lives in Kabul.	George lives in Afghanistan.
entailment	Robert lives in Wellington.	Robert lives in New Zealand.
entailment	Johnny lives in Lisbon.	Johnny lives in Portugal.
entailment	Bill lives in Ankara.	Bill lives in Turkey.
entailment	Michael lives in Jakarta.	Michael lives in Indonesia.
entailment	Heather lives in Havana.	Heather lives in Cuba.
entailment	Catherine lives in Manila.	Catherine lives in Philippines.
entailment	Lisa lives in Quito.	Lisa lives in Ecuador.
entailment	Ed lives in Beijing.	Ed lives in China.
entailment	Diane lives in Helsinki.	Diane lives in Finland.
entailment	Larry lives in Male.	Larry lives in Maldives.
entailment	Marilyn lives in Beijing.	Marilyn lives in China.
entailment	Jennifer lives in Abu Dhabi.	Jennifer lives in United Arab Emirates.
entailment	Frank lives in Stockholm.	Frank lives in Sweden.
entailment	Margaret lives in Kuala Lumpur.	Margaret lives in Malaysia.
entailment	Dan lives in Thimphu.	Dan lives in Bhutan.
entailment	Matthew lives in Santiago.	Matthew lives in Chile.
entailment	Dan lives in Harare.	Dan lives in Zimbabwe.
entailment	Joseph lives in Santiago.	Joseph lives in Chile.
entailment	Thomas lives in Taipei.	Thomas lives in Taiwan.
entailment	Donald lives in Brussels.	Donald lives in Belgium.
entailment	Jane lives in Canberra.	Jane lives in Australia.
entailment	Mark lives in Male.	Mark lives in Maldives.
entailment	Victoria lives in Kabul.	Victoria lives in Afghanistan.
entailment	Martha lives in Rome.	Martha lives in Italy.
entailment	Mark lives in Rome.	Mark lives in Italy.
entailment	Keith lives in Baghdad.	Keith lives in Iraq.
entailment	Katie lives in Port-au-Prince.	Katie lives in Haiti.
entailment	Amy lives in Stockholm.	Amy lives in Sweden.
entailment	Margaret lives in Athens.	Margaret lives in Greece.
entailment	Jennifer lives in Thimphu.	Jennifer lives in Bhutan.
entailment	Jerry lives in Havana.	Jerry lives in Cuba.
entailment	Nancy lives in Minsk.	Nancy lives in Belarus.
entailment	Eleanor lives in Pyongyang.	Eleanor lives in North Korea.
entailment	Christopher lives in Bangkok.	Christopher lives in Thailand.
entailment	Kathleen lives in Vientiane.	Kathleen lives in Laos.
entailment	Albert lives in Reykjavik.	Albert lives in Iceland.
entailment	Albert lives in Baku.	Albert lives in Azerbaijan.
entailment	Don lives in Baku.	Don lives in Azerbaijan.
entailment	Heather lives in Pyongyang.	Heather lives in North Korea.
entailment	Margaret lives in Dhaka.	Margaret lives in Bangladesh.
entailment	Ian lives in Washington, D.C..	Ian lives in United States of America.
entailment	Tim lives in New Delhi.	Tim lives in India.
entailment	Jennifer lives in Amsterdam.	Jennifer lives in Netherlands.
entailment	Annie lives in Jakarta.	Annie lives in Indonesia.
entailment	Stephen lives in Stockholm.	Stephen lives in Sweden.
entailment	Sally lives in Paris.	Sally lives in France.
entailment	Ann lives in Seoul.	Ann lives in South Korea.
entailment	Joan lives in Tripoli.	Joan lives in Libya.
entailment	Judy lives in Stockholm.	Judy lives in Sweden.
entailment	Angela lives in Bogotá.	Angela lives in Colombia.
entailment	Rose lives in Vientiane.	Rose lives in Laos.
entailment	Patricia lives in Warsaw.	Patricia lives in Poland.
entailment	Keith lives in Islamabad.	Keith lives in Pakistan.
entailment	Patrick lives in Bogotá.	Patrick lives in Colombia.
entailment	Nicole lives in Manila.	Nicole lives in Philippines.
entailment	Chris lives in Beijing.	Chris lives in China.
entailment	Johnny lives in Rome.	Johnny lives in Italy.
entailment	Sally lives in Amsterdam.	Sally lives in Netherlands.
entailment	Bruce lives in Pyongyang.	Bruce lives in North Korea.
entailment	Jane lives in Doha.	Jane lives in Qatar.
entailment	Louis lives in Hanoi.	Louis lives in Vietnam.
entailment	Virginia lives in Lisbon.	Virginia lives in Portugal.
entailment	Grace lives in Port-au-Prince.	Grace lives in Haiti.
entailment	Elaine lives in Dublin.	Elaine lives in Ireland.
entailment	Nancy lives in Kuala Lumpur.	Nancy lives in Malaysia.
entailment	Elizabeth lives in Dublin.	Elizabeth lives in Ireland.
entailment	Janet lives in Helsinki.	Janet lives in Finland.
entailment	Tom lives in Budapest.	Tom lives in Hungary.
entailment	Sally lives in Mexico City.	Sally lives in Mexico.
entailment	Judy lives in Tripoli.	Judy lives in Libya.
entailment	Nicole lives in Thimphu.	Nicole lives in Bhutan.
entailment	Anthony lives in Manila.	Anthony lives in Philippines.
entailment	Jerry lives in Seoul.	Jerry lives in South Korea.
entailment	Fiona lives in Buenos Aires.	Fiona lives in Argentina.
entailment	Elaine lives in Kabul.	Elaine lives in Afghanistan.
entailment	Arthur lives in Canberra.	Arthur lives in Australia.
entailment	Carol lives in Taipei.	Carol lives in Taiwan.
entailment	Rebecca lives in Ankara.	Rebecca lives in Turkey.
entailment	Nick lives in Canberra.	Nick lives in Australia.
entailment	Marie lives in Harare.	Marie lives in Zimbabwe.
entailment	Evelyn lives in Hanoi.	Evelyn lives in Vietnam.
entailment	Martin lives in Bangkok.	Martin lives in Thailand.
entailment	Edwin lives in Minsk.	Edwin lives in Belarus.
entailment	Judith lives in Kyiv.	Judith lives in Ukraine.
entailment	Donna lives in Port-au-Prince.	Donna lives in Haiti.
entailment	Betty lives in Tripoli.	Betty lives in Libya.
entailment	Emily lives in Tehran.	Emily lives in Iran.
entailment	Rebecca lives in Bern.	Rebecca lives in Switzerland.
entailment	Betty lives in Dublin.	Betty lives in Ireland.
entailment	Eric lives in Kyiv.	Eric lives in Ukraine.
entailment	Tim lives in Tehran.	Tim lives in Iran.
entailment	Ruth lives in Santiago.	Ruth lives in Chile.
entailment	Charles lives in Warsaw.	Charles lives in Poland.
entailment	Alex lives in Accra.	Alex lives in Ghana.
entailment	Charlotte lives in Brasilia.	Charlotte lives in Brazil.
entailment	Barbara lives in Reykjavik.	Barbara lives in Iceland.
entailment	Steve lives in Harare.	Steve lives in Zimbabwe.
entailment	Joan lives in Bern.	Joan lives in Switzerland.
entailment	Sarah lives in Harare.	Sarah lives in Zimbabwe.
entailment	Wendy lives in Riyadh.	Wendy lives in Saudi Arabia.
entailment	Ruth lives in Baku.	Ruth lives in Azerbaijan.
entailment	Jennifer lives in Washington, D.C..	Jennifer lives in United States of America.
entailment	Jimmy lives in New Delhi.	Jimmy lives in India.
entailment	Marilyn lives in Beijing.	Marilyn lives in China.
entailment	Julia lives in New Delhi.	Julia lives in India.
entailment	Katherine lives in New Delhi.	Katherine lives in India.
entailment	Alison lives in Abu Dhabi.	Alison lives in United Arab Emirates.
entailment	Jack lives in Stockholm.	Jack lives in Sweden.
entailment	Claire lives in Lisbon.	Claire lives in Portugal.
entailment	Dave lives in Vienna.	Dave lives in Austria.
entailment	Kim lives in Vienna.	Kim lives in Austria.
entailment	Andrew lives in Mexico City.	Andrew lives in Mexico.
entailment	Harry lives in Kuala Lumpur.	Harry lives in Malaysia.
entailment	Ralph lives in Baku.	Ralph lives in Azerbaijan.
entailment	Elizabeth lives in Baghdad.	Elizabeth lives in Iraq.
entailment	Patrick lives in Buenos Aires.	Patrick lives in Argentina.
entailment	Anthony lives in Buenos Aires.	Anthony lives in Argentina.
entailment	Kenneth lives in Manila.	Kenneth lives in Philippines.
entailment	Amanda lives in Beijing.	Amanda lives in China.
entailment	Mark lives in Port-au-Prince.	Mark lives in Haiti.
entailment	Amy lives in Minsk.	Amy lives in Belarus.
entailment	Ray lives in Brussels.	Ray lives in Belgium.
entailment	Wendy lives in Buenos Aires.	Wendy lives in Argentina.
entailment	Leslie lives in Riyadh.	Leslie lives in Saudi Arabia.
entailment	Frederick lives in Vientiane.	Frederick lives in Laos.
entailment	Howard lives in Tripoli.	Howard lives in Libya.
entailment	Jerry lives in Vientiane.	Jerry lives in Laos.
entailment	Kevin lives in Tbilisi.	Kevin lives in Georgia.
entailment	Diana lives in Ankara.	Diana lives in Turkey.
entailment	Nicole lives in Bern.	Nicole lives in Switzerland.
entailment	Ralph lives in Bogotá.	Ralph lives in Colombia.
entailment	Andrea lives in London.	Andrea lives in United Kingdom.
entailment	Francis lives in Reykjavik.	Francis lives in Iceland.
entailment	Alexandra lives in Amsterdam.	Alexandra lives in Netherlands.
entailment	Steven lives in Santiago.	Steven lives in Chile.
entailment	Kathleen lives in Bangkok.	Kathleen lives in Thailand.
entailment	Anne lives in Havana.	Anne lives in Cuba.
entailment	Samuel lives in Washington, D.C..	Samuel lives in United States of America.
entailment	Marie lives in Kathmandu.	Marie lives in Nepal.
entailment	Daniel lives in Male.	Daniel lives in Maldives.
entailment	Frederick lives in Reykjavik.	Frederick lives in Iceland.
entailment	Christine lives in Jerusalem.	Christine lives in Israel.
entailment	Lynn lives in Tokyo.	Lynn lives in Japan.
entailment	Roy lives in Moscow.	Roy lives in Russia.
entailment	Julie lives in Vienna.	Julie lives in Austria.
entailment	Harold lives in Wellington.	Harold lives in New Zealand.
entailment	Dan lives in Berlin.	Dan lives in Germany.
entailment	Jill lives in New Delhi.	Jill lives in India.
entailment	Kathy lives in Seoul.	Kathy lives in South Korea.
entailment	Larry lives in Hanoi.	Larry lives in Vietnam.
entailment	Ed lives in Singapore.	Ed lives in Singapore.
entailment	Harold lives in Cairo.	Harold lives in Egypt.
entailment	Patricia lives in Accra.	Patricia lives in Ghana.
entailment	Sandra lives in Pyongyang.	Sandra lives in North Korea.
entailment	Emma lives in Suva.	Emma lives in Fiji.
entailment	Margaret lives in Tehran.	Margaret lives in Iran.
entailment	George lives in Rome.	George lives in Italy.
entailment	Sue lives in Rome.	Sue lives in Italy.
entailment	Carolyn lives in Harare.	Carolyn lives in Zimbabwe.
entailment	Martha lives in Hanoi.	Martha lives in Vietnam.
entailment	Andrew lives in Taipei.	Andrew lives in Taiwan.
entailment	Kevin lives in Hanoi.	Kevin lives in Vietnam.
entailment	Jimmy lives in Budapest.	Jimmy lives in Hungary.
entailment	Harold lives in Port-au-Prince.	Harold lives in Haiti.
entailment	Charlotte lives in Islamabad.	Charlotte lives in Pakistan.
entailment	Ellen lives in Helsinki.	Ellen lives in Finland.
entailment	Anna lives in Athens.	Anna lives in Greece.
entailment	Jim lives in Havana.	Jim lives in Cuba.
entailment	Stephen lives in Bogotá.	Stephen lives in Colombia.
entailment	Donna lives in Wellington.	Donna lives in New Zealand.
entailment	Betty lives in Taipei.	Betty lives in Taiwan.
entailment	Harold lives in Harare.	Harold lives in Zimbabwe.
entailment	Barbara lives in Thimphu.	Barbara lives in Bhutan.
entailment	Tom lives in Baku.	Tom lives in Azerbaijan.
entailment	Suzanne lives in Beijing.	Suzanne lives in China.
entailment	Wendy lives in Helsinki.	Wendy lives in Finland.
entailment	Bruce lives in Brasilia.	Bruce lives in Brazil.
entailment	Matthew lives in Seoul.	Matthew lives in South Korea.
entailment	Louise lives in Brussels.	Louise lives in Belgium.
entailment	Jill lives in Kabul.	Jill lives in Afghanistan.
entailment	Arthur lives in Paris.	Arthur lives in France.
entailment	Angela lives in Rome.	Angela lives in Italy.
entailment	Steve lives in Hanoi.	Steve lives in Vietnam.
entailment	Anna lives in Male.	Anna lives in Maldives.
entailment	Robin lives in Suva.	Robin lives in Fiji.
entailment	Claire lives in Brasilia.	Claire lives in Brazil.
entailment	Eric lives in Berlin.	Eric lives in Germany.
entailment	Anthony lives in Minsk.	Anthony lives in Belarus.
entailment	Marilyn lives in Kathmandu.	Marilyn lives in Nepal.
entailment	Linda lives in Kabul.	Linda lives in Afghanistan.
entailment	Ben lives in Vienna.	Ben lives in Austria.
entailment	Victoria lives in Jerusalem.	Victoria lives in Israel.
entailment	Jessica lives in Islamabad.	Jessica lives in Pakistan.
entailment	Dick lives in Abu Dhabi.	Dick lives in United Arab Emirates.
entailment	Martin lives in Thimphu.	Martin lives in Bhutan.
entailment	Barbara lives in Kyiv.	Barbara lives in Ukraine.
entailment	Laura lives in Pyongyang.	Laura lives in North Korea.
entailment	Katie lives in Bogotá.	Katie lives in Colombia.
entailment	Johnny lives in Quito.	Johnny lives in Ecuador.
entailment	Susan lives in Ankara.	Susan lives in Turkey.
entailment	Carl lives in Manila.	Carl lives in Philippines.
entailment	Emma lives in Pyongyang.	Emma lives in North Korea.
entailment	Katie lives in Havana.	Katie lives in Cuba.
entailment	Jeff lives in Bern.	Jeff lives in Switzerland.
entailment	Emily lives in Baku.	Emily lives in Azerbaijan.
entailment	Harriet lives in Reykjavik.	Harriet lives in Iceland.
entailment	Keith lives in New Delhi.	Keith lives in India.
entailment	Jason lives in Baku.	Jason lives in Azerbaijan.
entailment	Eleanor lives in Suva.	Eleanor lives in Fiji.
entailment	Suzanne lives in Kyiv.	Suzanne lives in Ukraine.
entailment	Rachel lives in Thimphu.	Rachel lives in Bhutan.
entailment	Ray lives in Islamabad.	Ray lives in Pakistan.
entailment	Michael lives in Jerusalem.	Michael lives in Israel.
entailment	Kathleen lives in Santiago.	Kathleen lives in Chile.
entailment	Caroline lives in Kyiv.	Caroline lives in Ukraine.
entailment	Ryan lives in Budapest.	Ryan lives in Hungary.
entailment	Michelle lives in Islamabad.	Michelle lives in Pakistan.
entailment	Alex lives in Athens.	Alex lives in Greece.
entailment	Victoria lives in Port-au-Prince.	Victoria lives in Haiti.
entailment	Judy lives in Manila.	Judy lives in Philippines.
entailment	Andrew lives in Canberra.	Andrew lives in Australia.
entailment	Kathryn lives in Amsterdam.	Kathryn lives in Netherlands.
entailment	Eleanor lives in Male.	Eleanor lives in Maldives.
entailment	Lawrence lives in Reykjavik.	Lawrence lives in Iceland.
entailment	Cynthia lives in Buenos Aires.	Cynthia lives in Argentina.
entailment	Harold lives in Vientiane.	Harold lives in Laos.
entailment	Elaine lives in Bangkok.	Elaine lives in Thailand.
entailment	Walter lives in Abu Dhabi.	Walter lives in United Arab Emirates.
entailment	Charles lives in London.	Charles lives in United Kingdom.
entailment	Victoria lives in Athens.	Victoria lives in Greece.
entailment	Billy lives in Havana.	Billy lives in Cuba.
entailment	Florence lives in Brussels.	Florence lives in Belgium.
entailment	Ken lives in Santiago.	Ken lives in Chile.
entailment	James lives in London.	James lives in United Kingdom.
entailment	Frederick lives in Ankara.	Frederick lives in Turkey.
entailment	Andrea lives in Berlin.	Andrea lives in Germany.
entailment	Nicole lives in Moscow.	Nicole lives in Russia.
entailment	Ken lives in Pyongyang.	Ken lives in North Korea.
entailment	Amanda lives in Warsaw.	Amanda lives in Poland.
entailment	Jean lives in Amsterdam.	Jean lives in Netherlands.
entailment	Rachel lives in Singapore.	Rachel lives in Singapore.
entailment	Alison lives in Beijing.	Alison lives in China.
entailment	Dan lives in Brasilia.	Dan lives in Brazil.
entailment	Ray lives in Amsterdam.	Ray lives in Netherlands.
entailment	Lawrence lives in Abu Dhabi.	Lawrence lives in United Arab Emirates.
entailment	Deborah lives in London.	Deborah lives in United Kingdom.
entailment	Jim lives in Suva.	Jim lives in Fiji.
entailment	Nicole lives in Rome.	Nicole lives in Italy.
entailment	Ken lives in Riyadh.	Ken lives in Saudi Arabia.
entailment	Jim lives in Brussels.	Jim lives in Belgium.
entailment	Al lives in Dublin.	Al lives in Ireland.
entailment	Steve lives in Tokyo.	Steve lives in Japan.
entailment	Stephen lives in Copenhagen.	Stephen lives in Denmark.
entailment	Matt lives in Bern.	Matt lives in Switzerland.
entailment	Sam lives in Athens.	Sam lives in Greece.
entailment	Barbara lives in Helsinki.	Barbara lives in Finland.
entailment	Grace lives in Kabul.	Grace lives in Afghanistan.
entailment	Philip lives in Bogotá.	Philip lives in Colombia.
entailment	Mike lives in Suva.	Mike lives in Fiji.
entailment	Lawrence lives in Baghdad.	Lawrence lives in Iraq.
entailment	Michael lives in Dublin.	Michael lives in Ireland.
entailment	Marilyn lives in Muscat.	Marilyn lives in Oman.
entailment	Grace lives in Islamabad.	Grace lives in Pakistan.
entailment	Katherine lives in Lisbon.	Katherine lives in Portugal.
entailment	Sam lives in Taipei.	Sam lives in Taiwan.
entailment	Emily lives in Minsk.	Emily lives in Belarus.
entailment	Victoria lives in Copenhagen.	Victoria lives in Denmark.
entailment	Ron lives in Berlin.	Ron lives in Germany.
entailment	Alexander lives in Canberra.	Alexander lives in Australia.
entailment	Don lives in Riyadh.	Don lives in Saudi Arabia.
entailment	Charlie lives in Berlin.	Charlie lives in Germany.
entailment	Alexander lives in Havana.	Alexander lives in Cuba.
entailment	Frances lives in Buenos Aires.	Frances lives in Argentina.
entailment	Rebecca lives in Harare.	Rebecca lives in Zimbabwe.
entailment	Kate lives in Accra.	Kate lives in Ghana.
entailment	Ken lives in Baku.	Ken lives in Azerbaijan.
entailment	Elizabeth lives in Stockholm.	Elizabeth lives in Sweden.
entailment	Ian lives in Minsk.	Ian lives in Belarus.
entailment	Laura lives in Reykjavik.	Laura lives in Iceland.
entailment	David lives in Harare.	David lives in Zimbabwe.
entailment	Maria lives in Canberra.	Maria lives in Australia.
entailment	Alfred lives in Manila.	Alfred lives in Philippines.
entailment	Marie lives in Budapest.	Marie lives in Hungary.
entailment	Jane lives in Brussels.	Jane lives in Belgium.
entailment	Susan lives in Hanoi.	Susan lives in Vietnam.
entailment	Bill lives in Jerusalem.	Bill lives in Israel.
entailment	Nancy lives in Dublin.	Nancy lives in Ireland.
entailment	Mary lives in Tokyo.	Mary lives in Japan.
entailment	Frank lives in Thimphu.	Frank lives in Bhutan.
entailment	Sharon lives in Minsk.	Sharon lives in Belarus.
entailment	Tom lives in Riyadh.	Tom lives in Saudi Arabia.
entailment	Paul lives in Amsterdam.	Paul lives in Netherlands.
entailment	Ryan lives in Harare.	Ryan lives in Zimbabwe.
entailment	Diane lives in Kuala Lumpur.	Diane lives in Malaysia.
entailment	Alexandra lives in Amsterdam.	Alexandra lives in Netherlands.
entailment	Nancy lives in Warsaw.	Nancy lives in Poland.
entailment	Henry lives in Islamabad.	Henry lives in Pakistan.
entailment	Harold lives in Hanoi.	Harold lives in Vietnam.
entailment	Billy lives in Buenos Aires.	Billy lives in Argentina.
entailment	Jane lives in Buenos Aires.	Jane lives in Argentina.
entailment	Joe lives in Kabul.	Joe lives in Afghanistan.
entailment	Alan lives in Copenhagen.	Alan lives in Denmark.
entailment	Peter lives in Dublin.	Peter lives in Ireland.
entailment	Andrew lives in Stockholm.	Andrew lives in Sweden.
entailment	Joseph lives in Tokyo.	Joseph lives in Japan.
entailment	Ryan lives in Buenos Aires.	Ryan lives in Argentina.
entailment	Jerry lives in Jerusalem.	Jerry lives in Israel.
entailment	Carolyn lives in Dublin.	Carolyn lives in Ireland.
